platform,id,text,score,date,url
Reddit,1m2whhv,"Regretting my decision of buying galaxy S25 Ultra I bought this over Vivo X200 pro under influence od people praising how good is Samsungs software optimisation/screen and brand value, I wanted only two things in a phone (coming from iphone 11)  an amazing camera and a great battery, this glorified piece of metal and glass costed me over 1.2 lakh and giving me average battery life and unsatisfactory camera performance, This miss calculation costed me a hole in a pocket which I have to live with now. 
Its my personal rant I know its a great phone but not for me!
Guy never buy something under influence of what people say and buy what you want.",1182,2025-07-18,https://i.redd.it/d5tf2ee9bldf1.png
Reddit,1m2y751,"I think my new Galaxy S25 Ultra is the worst phone I owned so far, this is why... After nearly two weeks of use, I’ve encountered several notable drawbacks with the Samsung Galaxy S25 Ultra that are difficult to overlook, especially considering its premium positioning in the market:

1. **Disappointing Battery Life** Despite featuring a 5000mAh battery—identical in capacity to my previous phone from 5.5 years ago—the S25 Ultra fails to deliver a full workday of use. While my old device consistently lasted through the day, the S25 Ultra issues a low battery warning by midday, even with similar usage patterns.
2. **Unexpected Overheating** The device tends to heat up even when idle. There have been multiple instances where I picked it up after it had been resting on a desk unused for several minutes, only to find it noticeably warm to the touch.
3. **Slow Charging** The 45W charging speed feels outdated compared to current industry standards. Many significantly cheaper phones now offer 65W, 100W, or even 120W charging capabilities, making the S25 Ultra’s charging speed feel sluggish in comparison.
4. **No Charger Included** The phone does not come with a charger in the box, which is disappointing given its high price point.
5. **Large Call Recording Files** Call recordings are saved in M4A format, resulting in large file sizes. By contrast, my previous device used OPUS format, producing files roughly 6% the size of the ones created by the S25 Ultra.
6. **No Built-in App Lock** There is no native option to lock sensitive apps using a fingerprint. I had to resort to third-party solutions, whereas my previous phone supported this functionality out of the box.
7. **Facial Recognition Limitations** Face unlock does not work when wearing sunglasses, a feature that worked flawlessly on my older phone.
8. **No Missed Call Reminder** If a call is missed while I’m already on another call, the phone does not issue a reminder notification after the fact. My previous device provided timely alerts in such cases.
9. **Phantom Notification Sounds** Occasionally, the device emits a notification sound with no visible corresponding notification, which can be confusing and disruptive.
10. **SMS Issues** SMS messages sometimes arrive duplicated or fail to arrive altogether until the device is restarted. This severely affects reliability.
11. **App Installation Restrictions** Some APKs, such as the Alexa app, cannot be installed even after disabling external installation protections. This limits flexibility.
12. **Fingerprint Scanner Performance** The fingerprint sensor is slow and frequently inaccurate, often requiring multiple attempts to unlock the device.

While the Galaxy S25 Ultra boasts high-end hardware on paper, these practical issues severely hinder the overall user experience. For a flagship model that cost high premium, I wish I could return it and get a refund :(

I sincerely hope this feedback reaches the Samsung team and is taken as constructive criticism. Many of the issues mentioned could potentially be addressed through software updates, and I trust that others may be considered for improvement in future models.",7,2025-07-18,https://www.reddit.com/r/samsunggalaxy/comments/1m2y751/i_think_my_new_galaxy_s25_ultra_is_the_worst/
Reddit,1kbhxgl,"Galaxy S25 Ultra not worth $1,300 I been buying Samsung phones since the Galaxy S1 in 2011 so I'm an old fan. Throughout the years they made some great upgrades but now it's just alright Samsung what's going on. Every year we get a little upgrades that's why some people keeping their phones for 3 years now, I'm using a S25 Ultra now and to be honest it's my favorite phone for 2025, I still don't see any upgrades from S24 Ultra or S23 Ultra or S22 Ultra but it's still a great phone. For $1,300 this phone is very expensive and doesn't offer much compared to the last 3 Ultra phones. What's your thoughts about Samsung in the last 5 years?",1677,2025-04-30,https://i.redd.it/xlcxuzg1gzxe1.jpeg
Reddit,1mqewbf,"I'm about to ditch Apple for a Samsung s25 ultra...convince me to stay! My current iPhone is pretty much on its last legs. I'm stuck in the Apple ecosystem (login, apps, iCloud, etc.), but I'm looking at the Galaxy S25 Ultra with great curiosity: between AI and customization, it really seems a cut above.

The point is: does it make sense to wait for the 17 Pro Max hoping for a real leap forward, or will it be an endless wait to then see ""the copy of the copy""?

Whoever made the switch from iOS to Android (or vice versa) recently, how did it go? Regrets or upgrades right?",31,2025-08-15,https://www.reddit.com/r/Smartphones/comments/1mqewbf/im_about_to_ditch_apple_for_a_samsung_s25/
Reddit,1mxs6f0,Galaxy S25 Ultra vs iPhone 17 Pro Max,405,2025-08-23,https://i.redd.it/afgju5ch7pkf1.jpeg
Reddit,1mn7qxh,My dumbass friend stole a galaxy s25 ultra last week while picking and now we have to register our phones???? They walked him out in cuffs today. I dont know why it took 7 whole days for them to realize that but police were called today because apparently anything valued at over $1000 is a tier 1 felony in VA. I was asking around and I was told he was walked out in cuffs today after being called to HR. Now as a result (and probably other dumbasses too) we have to register our phones and put a dumbass sticker on the back. Shits fuckin wild,450,2025-08-11,https://www.reddit.com/r/AmazonFC/comments/1mn7qxh/my_dumbass_friend_stole_a_galaxy_s25_ultra_last/
Reddit,1n6dsa3,"I returned S25 Ultra 512Gb and bought 1Tb version Also bought a 45w charger replace the 25w  and minor 4 replace galaxy buds 3 , airpod 3, too. There's some rumors that Iphone 17 pro/pro max use QLC nand on 2Tb version (and even 1Tb version) with terrible speed after SLC cache (about 6.25% maximum capacity) exhausted, so I decided to buy the 1Tb S25U because its price almost same the 512Gb one 4 months ago.",250,2025-09-02,https://www.reddit.com/gallery/1n6dsa3
Reddit,1jc0855,"Those of you that have bought the S25 Ultra, is it worth it? I’m thinking of getting one in the next few months, I’m currently using a galaxy s21+ which still works fine. In your opinion what are the upsides AND the downsides?

Edit: to everyone who has replied so far, I really appreciate it and all the information you have given me has been so helpful",130,2025-03-15,https://www.reddit.com/r/samsung/comments/1jc0855/those_of_you_that_have_bought_the_s25_ultra_is_it/
Reddit,1mbg6ca,"One month with the S25 Ultra It’s an excellent device, what more can I say? It’s just a shame about the S Pen not being Bluetooth anymore but with this being my first Ultra, I don’t notice much of a difference anyway. 

My last Samsung was an S22+ and the only reason I didn’t go Ultra is because the bezels on the standard variants looked more premium than the thicker bottom bezel on the Ultra but that’s fixed with the S24 Ultra and newer thankfully. More expensive phones should look more premium than the cheaper versions.",143,2025-07-28,https://www.reddit.com/gallery/1mbg6ca
Reddit,1ksgdqr,"Do you regret the S25 Ultra? If you had to do it over again, would you get it again? Trying to decide...

ETA I ordered it! I should get it tomorrow. Unlike other products I don't like getting new phones, so I'll be taking all weekend getting it set up. 😂",1,2025-05-22,https://www.reddit.com/r/samsung/comments/1ksgdqr/do_you_regret_the_s25_ultra/
Reddit,1hvh59y,"Galaxy S25, S25+, and S25 Ultra https://winfuture.de/news,147970.html",2431,2025-01-07,https://i.redd.it/j3fbxrgyghbe1.png
Reddit,1idt2l0,"Samsung Galaxy S25 Ultra review: Too much AI, not enough Ultra",2033,2025-01-30,https://www.engadget.com/mobile/smartphones/samsung-galaxy-s25-ultra-review-too-much-ai-not-enough-ultra-140022798.html
Reddit,1ii92sb,"Got this beauty after being disappointed with S25 ultra Upgraded from a S22Ultra. Was waiting for the past 6 months for the S25U, but wasn’t very impressed with what it had to offer. Plus the Spen downgrade was something I couldn’t ignore.

Got this beauty for half the price of a S25U, from Oman.",1880,2025-02-05,https://i.redd.it/u54wzpe9gbhe1.jpeg
Reddit,1ia0oam,Just got my S25 Ultra..I also have in hand the S24 Ultra Just got my new S25 Ultra..I can compare it with the S24 Ultra in case yo wanna now anything just let me know,1475,2025-01-26,https://i.redd.it/mqwnk2ix98fe1.jpeg
Reddit,1lvk24f,"Thinner then the Fold 6, lighter than the S25 Ultra.",947,2025-07-09,https://www.reddit.com/gallery/1lvk24f
Reddit,1m763jl,"Not a Revolution But a Slight Evolution: Galaxy S26 Ultra As expected, the Galaxy S26 Ultra won’t be revolutionary, just refinements here and there on a phone that is already an ULTRA. A slightly, very slightly bigger screen with thinner bezels. Slimmer frame? 50mp 3x cam? Qi2.2? Yes maybe. In addition to a refined camera housing, directly inspired by the S25 Edge and Z Fold7. Oh and some new Galaxy AI stuff. Anyone excited?",734,2025-07-23,https://i.redd.it/vmm2hofculef1.jpeg
Reddit,1i5myca,"Which of these Samsung Galaxy S25 Series Would You Be Buying? Samsung Galaxy S25 Series Pricing for Europe.

Galaxy S25:
128GB: €909
256GB: €969

Galaxy S25+:
256GB: €1159

Galaxy S25 Ultra:
256GB: €1459

Via:@gizmochina",779,2025-01-20,https://i.redd.it/l1iklmggh4ee1.jpeg
Reddit,1i7hcl4,"Samsung just announced the Galaxy S25: Here's everything you need to know! At its semi annual Galaxy Unpacked event, Samsung has officially unveiled the three new devices in its S25 series lineup. The S25 series consists of the Samsung Galaxy S25, S25+, and S25 Ultra. Here’s everything you need to know.

*Disclaimer: Samsung invited me to attend the Galaxy S25 series launch event in San Jose. They covered my travel expenses but did not have any editorial input nor the ability to preview my content. Furthermore, this post was written with assistance from [/u/FragmentedChicken](https://www.reddit.com/user/FragmentedChicken/), who was also invited to the same event. If you’d like to read this information with inline images, [click here to read the same post on Android Faithful.](https://www.androidfaithful.com/samsung-galaxy-s25/)*

## Design

The overall design of the Galaxy S25 and S25+ is similar to last year’s models, with an Armor Aluminum frame sandwiched by a layer of Corning Gorilla Glass Victus 2 on the front and back. 

The Galaxy S25 Ultra design switches it up with a titanium frame this time with rounded corners, sandwiched by a layer of Corning Gorilla Armor 2 on the front, and Corning Gorilla Glass Victus 2 on the back. The next generation Corning Gorilla Armor 2 offers improved drop protection and scratch resistance along with reduced reflections due to a glass-ceramic material and a new DX anti-reflection surface treatment. With the debut of the first generation of Corning Gorilla Armor on the S24 Ultra, Samsung says there have been 60% fewer screen-related repairs on the S24 Ultra compared to the S23 Ultra, so the hope is the second-generation will reduce that number even further.

The Galaxy S25 and S25+ come in a light blue “Icyblue” color, a light green “Mint” color, a dark blue “Navy” color, and a gray “Silver Shadow” color. They are also available in a black “Blueblack” color, a gold “Pinkgold” color, and a red “Coralred” color exclusively through Samsung. The Galaxy S25 Ultra, meanwhile, comes in a black “Titanium Black” color, a gray “Titanium Gray” color, a light blue “Titanium Blue” color, and a silver “Titanium White Silver” color. It’s also available in a black “ Titanium Jetblack” color, green “Jadegreen” color, and a gold “Titanium Pinkgold” color exclusively through Samsung.

## Display

The Galaxy S25 series phones share similar display characteristics. All three phones feature a Dynamic AMOLED 2X display which can reach a peak brightness of 2600 nits, and can adaptively refresh between 1 and 120Hz depending on the content. The base Galaxy S25 features a flat 6.2-inch display with a resolution of 2340 x 1080 and an aspect ratio of 19.5:9. The Galaxy S25+ features a flat 6.7-inch display with a resolution of 3120 x 1440 and an aspect ratio of 19.5:9. Lastly, the Galaxy S25 Ultra features a flat 6.9-inch display with a resolution of 3120 x 1440 and an aspect ratio of 19.5:9. The display on the S25 Ultra is notably 0.1-inches larger thanks to slimmer bezels that are 15% smaller compared to the S24 Ultra.

A new display feature called ProScaler allows for real-time AI image upscaling from 720p to 4K (only available on the S25+ and S25 Ultra).

All three devices have a Qualcomm-made ultrasonic fingerprint scanner underneath the display.

## Cameras

The camera hardware on the Galaxy S25 series is also similar to last year’s models, with the exception of the S25 Ultra which gains an upgraded rear-facing ultrawide sensor. The Galaxy S25 and S25+ share the same primary rear-facing camera: a 50MP wide-angle camera with OIS support, a f/1.8 aperture, and 1/1.56” image sensor size. They also share the same secondary rear-facing camera: a 12MP ultra wide-angle camera with a 120° field-of-view, and a f/2.2 aperture. Lastly, they also share the same tertiary rear-facing camera: a 10MP telephoto camera with 3X optical zoom, OIS support, and a f/2.4 aperture. On the front, they share the same front facing camera: a 12MP selfie camera with a f/2.2 aperture.

The Galaxy S25 Ultra has a 200MP main camera with OIS support, a f/1.7 aperture, and 1/1.3” image sensor size for the primary rear-facing camera. The secondary rear-facing camera is a 50MP ultra wide-angle camera with a 120° field-of-view, and a f/1.9 aperture. Samsung says the new JN5 sensor in the ultra wide-angle camera can capture better macro photos as it reduces the need to crop-in as much. The detail is reportedly 4X greater compared to the S24 Ultra. The tertiary rear-facing camera is a 10MP telephoto camera with 3X optical zoom and OIS support. Finally, the quaternary rear-facing camera is a 50MP periscopic telephoto camera with 5X optical zoom and OIS support. On the front, the selfie camera is a 12MP shooter with a f/2.2 aperture.

While there aren’t many hardware-related camera changes, Samsung made a lot of improvements to the camera software which include:

* 10-bit HDR video recording which increases dynamic range by 4X versus 8-bit.
* Nightography video mode that produces sharper and clearer footage with less noise.
    * This is achieved with Spatio-Temporal Filter (STF) support in the ISP which analyzes movement and time to reduce noise. It also distinguishes between moving and stationary objects to improve image quality.
* The STF system also results in better portrait photography.
* Reportedly improved shutter speed/lag.
* LOG video recording via Galaxy Log in Pro Video Mode with exclusive LUTS for precision control in color and lighting.
* Virtual aperture for AI depth of field and brightness adjustments via the Expert RAW app.

## The S25 series under the hood

The Galaxy S25 series is powered by the Qualcomm Snapdragon 8 Elite for Galaxy chipset. Unlike previous Snapdragon for Galaxy chipsets that only featured higher clockspeeds, Samsung says this chipset is completely custom which allows for better camera integration as well as overall performance. Samsung didn’t fully elaborate on what exactly is completely custom about this chipset, though.

Their press release does mention that the Snapdragon 8 Elite for Galaxy includes some Galaxy IP in the form of a mobile Digital Natural Image engine which allows for better display power efficiency. Otherwise, the CPU, GPU, and NPU in the chipset have been overclocked, resulting in a 37%, 30%, and 40% boost in performance, respectively. In the 3DMark Solar Bay benchmark for ray-tracing, the S25 series outperforms the S24 series by 40%. 

The heat dissipation system for the Snapdragon 8 Elite for Galaxy has improved through the use of a 15% larger vapor chamber in the Galaxy S25 and S25+, and a 40% larger vapor chamber in the Galaxy S25 Ultra compared to the previous generation. Additionally, a new tailored thermal interface material that engulfs the chipset allows for greater thermal efficiency.

The Snapdragon 8 Elite for Galaxy is paired with 12GB of RAM across the board for the S25 series. That’s up from 8GB of RAM for the base S25 phone. There is no 16GB RAM option, at least not in North America.

Storage wise, the Galaxy S25 starts at 128GB and goes up to 256GB, whereas the S25+ and S25 Ultra are offered in 256GB or 512GB options. The Galaxy S25 Ultra also comes in a 1TB storage option. 

Connectivity wise, Qualcomm told me the Galaxy S25 series are the first phones to support Snapdragon Satellite which allows for messaging via narrowband non-terrestrial (NTN) networks. They also said the entire Galaxy S25 series lineup comes equipped with the company’s FastConnect 7800 mobile connectivity subsystem, meaning every device in the lineup supports WiFi 7. That’s an improvement from the previous generation where only the Ultra supported WiFi 7. 

All three devices also support Bluetooth 5.4 with Auracast as well as eSIM. In addition, the Galaxy S25+ and S25 Ultra also support ultra-wideband (UWB) which can be used for digital car keys as well as precision locating of Samsung SmartTags. Sadly, the base Galaxy S25 does not support UWB. 

Finally, it’s worth noting that the S Pen in the Galaxy S25 Ultra no longer supports Bluetooth gestures (Air actions). What’s more is that Bluetooth gestures on the S25 Ultra will reportedly not work with Bluetooth enabled S Pens including the S Pen Pro.

## Battery & charging

The battery capacity and charging speeds for the Galaxy S25 series are the same as the previous generation. The base Galaxy S25 has a 4000mAh battery and 25W wired charging support. The Galaxy S25+ has a 4900mAh battery with faster 45W wired charging support. The Galaxy S25 Ultra has a 5000mAh battery and also 45W wired charging support. 

All three phones in the Galaxy S25 series support 15W wireless charging but sadly lack Qi2 magnetic charging support. Despite the lack of Qi2 support, Samsung has worked with “Made for Galaxy” partners like Spigen to certify third-party magnetic cases that align perfectly with the charging coils in the Galaxy S25 series phones.

## One UI 7.0, now with even more Galaxy AI features

The stable version of One UI 7.0 debuts on the Galaxy S25 series with an additional suite of Galaxy AI features along with improvements to existing Galaxy AI features. Samsung says Galaxy AI features are free until the end of 2025, which is the same thing they said during the launch of the S24 series. 

The new Galaxy AI features include:

* Now Brief  
    * Offers contextual information depending on the time of day (morning, afternoon, and evening) in the form of a widget on the home screen.  
* Now Bar  
    * Provides the same information from the Now Brief but on the lock screen. Also cycles through various Samsung apps like the Clock and supports a few Google smart space cards like Google Maps for navigation, sports updates from teams you follow on Google, and more.  
* AI search in Samsung Gallery  
    * Enables searching through photos with voice input.
    * Allows for the use of natural language (“Find photos from my trip to Italy”).  
* Personalized Data Engine  
    * This is a feature that analyzes your habits to provide personalized recommendations. For example, this feature can offer suggested Routines you should turn on. If you usually turn dark mode on at night and off in the morning, the phone will prompt for the creation of a new Routine to toggle dark mode depending on the time of day.  
    * Features like Now Brief, Now Bar, and AI search in Samsung Gallery are also powered by the Personalized Data Engine.  
    * This feature works on-device and only with Samsung apps, and the data can be transferred to a new Samsung device via Smart Switch.  
* Audio eraser  
    * Recognizes audio from videos and separates them into categories including voices, crowds, wind, music, nature, and general noise.
    * Runs on-device.
    * Not developed in collaboration with Google.
* AI settings search  
    * Makes it easy to find relevant settings. Simply open the Settings app, tap the search bar, then hit the mic icon and tell the assistant what you’d like to change. 
    * Eg. if you say “make my text more visible” you’ll see a list of relevant text/accessibility options appear.  

The improvements to existing Galaxy AI features include:

* AI Select  
    * Smart Select has seemingly been renamed to AI Select.  
    * Provides relevant actions depending on the content on the screen. For example, if a video is selected, AI Select will suggest making a GIF. If an image is selected, AI Select will suggest editing with Generative edit.
* Sketch to Image  
    * Now multimodal with text and voice input.  
* Object eraser  
    * Upgraded AI model which can erase objects, reflections, and shadows faster with greater accuracy.  
* Generative edit  
    * In-and-out painting is more accurate.  
    * Now runs on-device.  
* Portrait Studio  
    * You can now create personalized avatars with more true-to-life facial expressions.  
    * New analog style filters are available.  
Outside of Galaxy AI features, there are also new software features which include:
* Gemini integration  
    * You can now long press the side key/power button to invoke Google Gemini. The Gemini overlay now has a new UI (you may have seen it already).  
    * Gemini now also supports cross-app interactions. 
    * Gemini Live now supports live chatting about files/images/YouTube videos, and more.  
    * Gemini now has extensions for Samsung Notes, Samsung Calendar, Samsung Clock, and Samsung Reminder.  
* Storage Share with Galaxy Book PCs  
* Camera Share with Galaxy Book PCs  

Samsung has promised 7 OS updates and 7 years of security updates for the Galaxy S25 series. That means you can expect to receive up to Android 22 in 2031.

## How much does the S25 series cost?

The Samsung Galaxy S25 starts at $799.99 for the 128GB storage model. The Galaxy S25+ starts at $999.99 for the 256GB storage model. Lastly, the Galaxy S25 Ultra starts at $1299.99 for the 256GB storage model.

The Galaxy S25 series is available for pre-order starting today, and will be released for general availability on February 7.

## Galaxy S25 series full specs

| Spec                    | Galaxy S25                                                                                                        | Galaxy S25+                                                                                                                    | Galaxy S25 Ultra                                                                                                                                                   |
| :---------------------- | :---------------------------------------------------------------------------------------------------------------- | :-------------------------------------------------------------------------------------------------------------------------- | :----------------------------------------------------------------------------------------------------------------------------------------------------------------- |
| Colors                  | Icyblue, Navy, Mint, Silver Shadow                                                                                | Icyblue, Navy, Mint, Silver Shadow                                                                                             | Titan Black, Titan Gray, Titan Silverblue, Titan Whitesilver                                                                                                     |
| Screen                  | 6.2"" FHD+ Dynamic AMOLED 2X Display<br>120Hz Adaptive Refresh Rate                                                | 6.7"" QHD+ Dynamic AMOLED 2X Display<br>120Hz Adaptive Refresh Rate                                                          | 6.9"" QHD+ Dynamic AMOLED 2X Display<br>120Hz Adaptive Refresh Rate                                                                                                 |
| Main Camera - Wide      | 50MP Wide AF OIS                                                                                                  | 50MP Wide AF OIS                                                                                                           | 200MP Wide AF OIS                                                                                                                                              |
| Main Camera - UW        | 12MP Ultra Wide                                                                                                   | 12MP Ultra Wide                                                                                                           | 50MP Wide AF OIS                                                                                                                                               |
| Main Camera - Tele      | 10MP 3x Tele AF OIS                                                                                               | 10MP 3x Tele AF OIS                                                                                                        | 10MP 3x Tele AF OIS<br>50MP 5x Tele AF OIS                                                                                                                      |
| Main Camera - Zoom      | 3x Optical Zoom<br>(2x Optical Quality)<br>30x Space Zoom                                                         | 3x Optical Zoom<br>(2x Optical Quality)<br>30x Space Zoom                                                                  | 3x, 5x Optical Zoom<br>(2x, 10x Optical Quality)<br>100x Space Zoom                                                                                          |
| Selfie Camera - Video   | 4K @ 60fps<br>8K @ 30fps                                                                                          | 4K @ 60fps<br>8K @ 30fps                                                                                                   | 4K @ 120fps<br>8K @ 30fps                                                                                                                                          |
| Selfie Camera - Wide    | 12MP Wide AF<br>4K @ 60fps                                                                                        | 12MP Wide AF<br>4K @ 60fps                                                                                                 | 12MP Wide AF<br>4K @ 60fps                                                                                                                                          |
| Misc Camera Features    | ProVisual Engine, HDR Portraits, Selfie AI ISP, Nightography, Log Video, False Color, Zebra Pattern               | ProVisual Engine, HDR Portraits, Selfie AI ISP, Nightography, Log Video, False Color, Zebra Pattern                        | ProVisual Engine, HDR Portraits, Selfie AI ISP, Nightography, high-res Marco shots, high-res zoom photos/video, Log Video, False Color, Zebra Pattern            |
| Memory / Storage        | 12GB RAM \| 128GB, 256GB                                                                                          | 12GB RAM \| 256GB, 512GB                                                                                                   | 12GB RAM \| 256GB, 512GB, 1TB                                                                                                                                      |
| Battery                 | 4000mAh                                                                                                           | 4900mAh                                                                                                                    | 5000mAh                                                                                                                                                        |
| Charging - Wired        | Super Fast Charging                                                                                               | Super Fast Charging 2.0                                                                                                    | Super Fast Charging 2.0                                                                                                                                        |
| Charging - Wireless     | Fast Wireless Charging 2.0<br>Wireless PowerShare                                                                 | Fast Wireless Charging 2.0<br>Wireless PowerShare                                                                          | Fast Wireless Charging 2.0<br>Wireless PowerShare                                                                                                              |
| Processor               | Snapdragon® 8 Elite for Galaxy (3nm)                                                                              | Snapdragon® 8 Elite for Galaxy (3nm)                                                                                       | Snapdragon® 8 Elite for Galaxy (3nm)                                                                                                                           |
| Connectivity            | 5G (sub6, mmW)<br>Wi-Fi 7                                                                                         | 5G (sub6, mmW)<br>Wi-Fi 7<br>UWB                                                                                            | 5G (sub6, mmW)<br>Wi-Fi 7<br>UWB                                                                                                                                |
| Biometrics              | Ultrasonic Fingerprint, Face Recognition                                                                          | Ultrasonic Fingerprint, Face Recognition                                                                                   | Ultrasonic Fingerprint, Face Recognition                                                                                                                       |
| Dimensions              | 70.5 x 146.9 x 7.2                                                                                                | 75.8 x 158.4 x 7.3                                                                                                         | 77.6 x 162.8 x 8.2                                                                                                                                             |
| Weight                  | 162g                                                                                                              | 190g                                                                                                                       | 218g                                                                                                                                                        |
| OS                      | Android 15 / One UI 7                                                                                             | Android 15 / One UI 7                                                                                                      | Android 15 / One UI 7                                                                                                                                          |
| Durability              | IP68, Corning® Gorilla® Glass Victus® 2, Armor Aluminum (Frame)                                                    | IP68, Corning® Gorilla® Glass Victus® 2, Armor Aluminum (Frame)                                                             | IP68, Enhanced Corning® Gorilla® Armor (front glass), Corning® Gorilla® Glass Victus® 2 (rear glass), Titanium (Frame)                                          |
| Other                   | Galaxy AI, Cross-app action with AI Agent and native app integration, Now Bar, Now Brief, Audio Eraser for Videos, improved Cooling System | Galaxy AI, Cross-app action with AI Agent and native app integration, Now Bar, Now Brief, Audio Eraser for Videos, ProScaler for QHD+, improved Cooling System | Embedded S Pen (passive experience), Galaxy AI, Cross-app action with AI Agent and native app integration, Now Bar, Now Brief, Audio Eraser for Videos, ProScaler for QHD+, improved Cooling System, High-res details near and far |",790,2025-01-22,https://www.reddit.com/r/Android/comments/1i7hcl4/samsung_just_announced_the_galaxy_s25_heres/
Reddit,1ifn97r,"Unlock galaxy S25 ultra with a 4 digit pin WITHOUT pressing OK I saw this in another post comment really deep so I wanted to spread the word to a workaround and as refreshner. 

I just got a galaxy S 25 ultra
Android version 15
One UI version 7.0

When you try to Set a 4 digit code the option to choose  ""confirm pin without pressing OK"" dissappears, so here's the steps to make it work. 

1. Go to settings. 
2. Security and privacy. 
3. Lock screen. 
4. Select your type of unlock as pin. 
5. in this option do a 6 digit code where the first 4 digit code IS the one you actually want to use, and the option ""unlock phone without pressing OK"" should appear bellow already checked, if not check it. 
6. With this option checked, HIGHLIGHT the password as if you would do with any text, it should be hilighted blue, leave hilighted ONLY the last 2 digits. 
7. With the last 2 digits highlighted, use BOTH of your thumbs to press backspace/x AND Continue AT THE SAME TIME, this should take you to the next screen.  (do NOT hold, just press both at the same time and release quickly) 
8. Type again your 4 digit pin and confirm. 
9. Lock your phone and try your new pin without OK. 

This can take several attempts but it gets the trick done, I have no idea why samsung would remove this option after so many years, but anyways, hope you're able to do it and get you 4 digit pin.",817,2025-02-02,https://www.reddit.com/r/samsung/comments/1ifn97r/unlock_galaxy_s25_ultra_with_a_4_digit_pin/
Reddit,1lwuiv0,"Samsung Galaxy S25 Ultra, Z Fold7, and Z Fold6 side by side comparison Disclosure: The S25 Ultra, and Z Fold7 are on loan from Samsung.

HUGE credits to /u/yayoshorti for letting me borrow his Fold6!",687,2025-07-11,https://www.reddit.com/gallery/1lwuiv0
Reddit,1ifi8vn,The Samsung Galaxy S25 Ultra isn’t so ‘ultra’ anymore,693,2025-02-02,https://www.theverge.com/reviews/604154/samsung-galaxy-s25-ultra-review-ai-screen-battery
Reddit,1i9ne00,Samsung Galaxy S25 Ultra vs IPhone 16 Pro Max [Specs Comparison],630,2025-01-25,https://i.redd.it/3ofutx3xa5fe1.jpeg
Reddit,1i77wkj,S25 Ultra Leaked Promotional Image,711,2025-01-22,https://i.redd.it/eu2bfp04siee1.jpeg
Reddit,1ib3h0j,Samsung Galaxy S25 Ultra outperforms iPhone 16 Pro Max in a GPU-intensive benchmark with around 36% lead,705,2025-01-27,https://www.notebookcheck.net/Samsung-Galaxy-S25-Ultra-outperforms-iPhone-16-Pro-Max-in-a-GPU-intensive-benchmark-with-around-36-lead.952806.0.html
Reddit,1iafuu0,"First impressions of the S25 Ultra Despite my grievances with Samsung’s way of rolling out this phone, the S25 Ultra is a darn good phone. Excellent. Very interesting. Didn’t event think about the S-Pen while using it. Only drawback is no 6000mah battery. That’s the sole reason I’m not getting it. If the S26 Ultra has it that’s an instant buy. 

One UI 7 shines on the S25 Ultra. It’s a game changer and I don’t say that lightly. The smoothness on there shows. It’s a mature phone that’s not trying to be more than it is like OnePlus tries if that makes sense. S21 users and even S22 Ultra users, this would be the phone for you to get unless you are willing to wait for the S25 Ultra which I would imagine should bring bigger and better updates in terms of battery life and camera upgrades.",713,2025-01-26,https://www.reddit.com/gallery/1iafuu0
Reddit,1i46mzl,"The s25 ultra seems like the most underwhelming galaxy phone ever  There's nothing exciting about the upcoming galaxy.
Everything about the phone is either exactly the same as the previous model or has a minor change 

Is Samsung only going to brag about the new 8 gen elite which EVERY FLAGSHIP in 2025 is getting so that's nothing new or special. 

Oppo, one plus, Vivo, honor, upcoming xiaomi etc all have the new 8 gen elite.

What else is Samsung bringing to the table?

Please don't tell me the bs ai stuff I honestly dont care about ai as I won't be using it in my day to day usage.

What I care about is camera sensors (not megapixels) / battery / charging speed / latest display screen /

Is Samsung even improving on these important aspects of the phone or are they going to brag about the 8 gen elite and ai features like changing the colour of the sky or removing a object from an image. I can easily do this in capcut and other photo editing apps I use",484,2025-01-18,https://www.reddit.com/r/samsunggalaxy/comments/1i46mzl/the_s25_ultra_seems_like_the_most_underwhelming/
Reddit,1i7355v,"Have you met the Galaxy S25 series leaks? The new design for Samsung Galaxy S25 series leaked Hours before the Galaxy Unpacked. 

@EqualLeaks | @LaptopInsider | @EqualLibrary | @AutosInfo | @EqualWall | @EqualFacts",1049,2025-01-22,https://i.redd.it/3p3g4s9w4hee1.jpeg
Reddit,1l8dt17,"Hot Take: The OnePlus 12 is BETTER than the Galaxy S25 Ultra 🫣 I had the OnePlus 12 as my backup phone after I had switched to the Galaxy S25 Ultra which I had bought from T-Mobile a few months back. I recently switched back to the Oneplus 12 because I wanted to see the differences. Yeah, the Oneplus charges MUCH quicker (80W with the U.S. version), the battery life is significantly better, the screen is significantly more vibrant, the screen is a bit brighter, the screen is MUCH smoother and responsive, and well the volume/vibration/mute slider is a severely underrated option! The only signifiant features that the S25 Ultra has, is the flat display, better camera, and WAY more case and screen protector options.",655,2025-06-11,https://i.redd.it/xeh7srvqp66f1.jpeg
Reddit,1iwxmtc,New software update for Galaxy S25 ultra Got the first software update for my Samsung Galaxy S25 Ultra after purchase.,380,2025-02-24,https://i.redd.it/2lu5njv5w1le1.jpeg
Reddit,1mtn2k2,I made and tested a controller for the Galaxy S25 Ultra.,1064,2025-08-18,https://v.redd.it/gp1150f7csjf1
Reddit,1k5a9jl,"I bought Galaxy Watch Ultra I changed my eco system from apple to samsung 10 days ago. 
From 14 pm to S25 ultra
From apple watch ultra 1 to galaxy watch ultra. I am happy with them for now😊 I hope i wont miss my old ecosystem😁",541,2025-04-22,https://i.redd.it/pp06ni84vewe1.png
Reddit,1igtlyp,"The Samsung Galaxy S25 Ultra Is Big, Bold And Boring",516,2025-02-03,https://www.forbes.com/sites/prakharkhanna/2025/02/02/the-samsung-galaxy-s25-ultra-is-big-bold-and-boring/
Reddit,1ner2gs,"New Galaxy S25 Ultra acting strange I just unboxed it and it’s very slow ( display refresh rate looks slower then my iPhone 14 ) and it came with TikTok lite and multiple pictures in the gallery. Is this normal ? 


***UPDATE***
I already returned the phone to amazon. I posted this just to get other people’s opinions  because I was in disbelief that I received a fake phone although I had purchased it straight from Samsung’s amazon account ( https://a.co/d/2ygGQ20 ). I had no way of looking at the actual phone id be receiving other than by looking at the pictures of the phone with the link I posted.",240,2025-09-12,https://www.reddit.com/gallery/1ner2gs
Reddit,1iye7bv,"Why does the S25/ultra have considerably less battery life on web and video than the iPhone 16/pro max? Although the base iPhone 16 has 60hz, the S25 has a variable refresh rate and a larger battery capacity (4000mah).

And the iPhone 16 pro max has 120hz just like the S25 Ultra, and the S25 ultra has 315mah more than the 16 pro max.


Iphone 16 vs s25 (Web) 16:12h vs 9:52h 64.19% more battery life


Iphone 16 pro max vs s25 ultra (Web) 16:31h vs 11:19h 46.10% more battery life


Iphone 16 vs s25 (video) 20:00h vs 17:29h 14.39% more battery life 


Iphone 16 pro max vs s25 ultra (video) 22:34h vs 19:04h 18.36% more battery life 


Why is the difference so big? Is it the processor or the display efficiency?

Source: GSM Arena",373,2025-02-26,https://i.redd.it/w1blu029lele1.png
Reddit,1i8xzju,"S20 -> S25 Ultra for $300 I've had my S20 (base) for around 5 years. ATT is offering me $1,000 credit towards the S25 Ultra for it. I understand the S25 Ultra is very similar to the 24, but as an S20 owner this is a very good deal IMO. Thoughts?",456,2025-01-24,https://i.redd.it/2ihlsq43nyee1.jpeg
Reddit,1mymmz6,s25 ultra vs 17 pro max who wins flagship battle https://www.dailypedia24.com/2025/08/upcoming-pixel-10-iphone-17-or-galaxy.html,350,2025-08-24,https://i.redd.it/64lxxywiewkf1.jpeg
Reddit,1fdn2cd,Samsung Galaxy S25 Ultra Exclusive: First Look at the Samsung Galaxy S25 Ultra,579,2024-09-10,https://www.reddit.com/gallery/1fdn2cd
Reddit,1i8r9wj,"Samsung, You Just Lost a Loyal Customer: S-Pen Bluetooth Removal on S25 Ultra is a Dealbreaker I’m deeply disappointed with Samsung for removing the Bluetooth functionality from the S-Pen on the Galaxy S25 Ultra. For me, the S-Pen wasn’t just a feature; it was a game-changer. On solo trips, I never worried about asking someone to take my picture. I’d simply set my phone in the perfect spot, use the S-Pen to snap photos effortlessly, and even take multiple shots in different poses without constantly running back to check my phone.

The Galaxy Ultra series (formerly the Note series) has always been in a league of its own. It wasn’t just another phone; it was a brand, a symbol of excellence. Features like the S-Pen and the iconic boxy design made it stand out. These weren’t gimmicks—they were the heart and soul of the Ultra experience.

Those who never used the S-Pen simply didn’t understand its value—it wasn’t meant for them. If they didn’t care about the S-Pen, they had the option of choosing the Plus (formerly S series) models. The Ultra, on the other hand, was for those of us who wanted the absolute best—the best camera, the best performance, and the unparalleled versatility of the S-Pen.

Taking away such a defining feature feels like a step back, reducing the Ultra to just another premium phone rather than the powerhouse it was meant to be.

This year, I was really excited to upgrade from my S22 Ultra to the S25 Ultra and had even pre-reserved it. But after hearing this, I’m just going to pass this year. Well done, Samsung—you finally figured out how to lose your loyal customers.",441,2025-01-24,https://www.reddit.com/r/samsunggalaxy/comments/1i8r9wj/samsung_you_just_lost_a_loyal_customer_spen/
Reddit,1iar8c2,"I’ve been using the Galaxy S25 Ultra for the past 72 hour, AMA! Samsung flew us out to Galaxy Unpacked and provided loaner units for us to test, but all opinions we provide are our own and are not seen by anyone at Samsung before posting. 

Might also stop by to answer questions:

u/stephancevallos905

u/playnasc

u/MishaalRahman

u/FragmentedChicken",203,2025-01-27,https://www.reddit.com/r/samsung/comments/1iar8c2/ive_been_using_the_galaxy_s25_ultra_for_the_past/
Reddit,1ndbe69,"""Samsung Galaxy S26 Ultra's new 3x sensor is actually degraded, with only 10MP f/2.4 1/3.94"" 1.0μm. It is smaller than the current S25 Ultra IMX754."" [UniverseIce]",258,2025-09-10,https://x.com/UniverseIce/status/1965598697519198438
Reddit,1iqn1q6,"Upgraded from S21 Ultra to S25+ Been using this device since 1w. Great battery. 

Substantial upgrades from my S21 Ultra!",732,2025-02-16,https://i.redd.it/xkrus9dsegje1.png
Reddit,1itbij0,Finally!!! From iPhone 15 Pro Max to S25 Ultra 512gb...AMA!!! https://preview.redd.it/l76aszopu4ke1.jpg?width=3024&format=pjpg&auto=webp&s=961e335fef6a17c2e27d9bc6266491a7773e8905,534,2025-02-19,https://www.reddit.com/r/samsung/comments/1itbij0/finally_from_iphone_15_pro_max_to_s25_ultra/
Reddit,1i7htdh,"Samsung Galaxy S25, S25+ & S25 Ultra Mega Thread - Let's talk about the new features in the comment section! [Google circle to search is now more capable, it can detect audio in videos and also contact information , allowing you to place a call from information on for example, a flyer.](https://preview.redd.it/eeypt7ji8lee1.png?width=1562&format=png&auto=webp&s=8adcfe584986bad9fc7169c76044f65de4ac4cec)

[Galaxy S25 will provide 6 months free use of Gemini Advanced](https://preview.redd.it/2iiq9cyf9lee1.png?width=1140&format=png&auto=webp&s=7549466e5de9daca92505bc7cd0e0ca528ae0c30)

[Will the S25 Ultra  run significantly cooler than the S24U? ](https://preview.redd.it/jqcyca2malee1.png?width=1481&format=png&auto=webp&s=f58c021fc4284ec0e0ea5275a76239e575d134cf)

[Tougher Glass ? ](https://preview.redd.it/4uxs57z6blee1.png?width=1477&format=png&auto=webp&s=88bbbc982ba5adba977d5d68c2aa44a83317750a)

https://preview.redd.it/9drgipc3clee1.png?width=1561&format=png&auto=webp&s=ee98af9182da10ffdf9a30b2bcd66c90d6e05195

https://preview.redd.it/6z8fwnhjclee1.png?width=1474&format=png&auto=webp&s=e832a5f4a5419a9206cf6756c0301c7c52679f18

https://preview.redd.it/kqa2tw8oglee1.png?width=1543&format=png&auto=webp&s=0a43176b78f7f3578caee4b6aa6fe64405f506f4

https://preview.redd.it/pydn10pxhlee1.png?width=750&format=png&auto=webp&s=423de0e388a262256781d696789665bfd486fe92

[S25 EDGE ](https://preview.redd.it/mumblp4gnuee1.png?width=1200&format=png&auto=webp&s=f22bc0eed4649da8b8e0a51fd79cb142e01eee23)",140,2025-01-22,https://www.reddit.com/r/samsunggalaxy/comments/1i7htdh/samsung_galaxy_s25_s25_s25_ultra_mega_thread_lets/
Reddit,1ig1gaz,"S25 Ultra Acquired Finally upgraded from my lackluster S22. The S25U is quite the upgrade, that's for sure!",859,2025-02-02,https://i.redd.it/kz5crrtb9rge1.jpeg
Reddit,1nf7ru4,Google Pixel 10 Pro XL vs. Galaxy S25 Ultra Speed Test - Phonebuff,115,2025-09-12,https://www.youtube.com/watch?v=4ZwYX21TxB8&t=1s
Reddit,1ike0dp,"My thoughts on Galaxy S25 Ultra after using it for 3 days I pre-ordered the S25 Ultra (Jet Black, 512GB) a couple of weeks ago and received it three days back.

**Reviews & Reception**

Reviews have been harsh on this phone, and Apple is facing similar backlash for iOS 18 & Apple Intelligence.

For the first time, both brands are facing heavy criticism, not just from critics but also from loyal fans. This is a good thing—it reminds them not to take customer loyalty for granted and hopefully pushes them to rethink their next flagship models.

**My Thoughts**

Many criticisms are valid:

* Missing S Pen features
* No 6000mAh battery
* Still using an 8-bit display
* Lack of fast charging
* Poor Stability Scores of Snapdragon Elite
* No IP69 rating
* Camera Shutter lag

If you consider category comparisons:

* **Best Display:** OnePlus 13 (10-bit, much better PWM, etc.)
* **Best Battery:** S25 Ultra & iPhone 16 Pro Max (very close); OnePlus 13 for fast charging
* **Best Camera:** Vivo X200 Pro & Pixel 9 Pro
* **Best Processor:** S25 Ultra (Power) & iPhone 16 Pro Max (Stability)
* **Best Network:** OnePlus 13 supports 5.5 G
* **Best Software**: Pixel Series for Vanilla Android & Fast Updates

Neither the S25 Ultra nor the iPhone 16 Pro Max is the best in most of the categories. But if someone asks, ""What's the best flagship right now?"" my answer is still one of these two. Why? As a complete package, they remain unbeatable.

In my experience, nothing about the S25 Ultra stood out as extraordinary or mind-blowing. Honestly, it felt boring—but in a good way. It simply ticks all the boxes I expect from a flagship smartphone.

If someone asks me ""Which is the 2nd best flagship?"", I would immediately say S24 Ultra and iPhone 15 Pro Max. Yes, phones like OnePlus 13, Vivo X200 Pro etc. are amazing but they don't tick all the checkboxes like Apple & Samsung. That's the problem. 

**Conclusion**

Critics and Reddit community can continue listing reasons why Apple and Samsung are falling behind. While their points are valid, the truth is that no other phones come close to these two in the premium segment. As a complete package, they remain unbeatable.

In simple terms — if you want the latest & greatest Android flagship, go for the S25 Ultra! and if you want the latest & greatest iOS flagship, go for iPhone 16 Pro Max",326,2025-02-08,https://www.reddit.com/r/samsung/comments/1ike0dp/my_thoughts_on_galaxy_s25_ultra_after_using_it/
Reddit,1ec5q27,Galaxy S25 Ultra leak points to disappointing battery and charging specs,439,2024-07-26,https://www.androidauthority.com/galaxy-s25-ultra-battery-charging-3464733/
Reddit,1jxlyig,"Got an iPhone 16 Pro along with my S25 Ultra. My comparison between the king of android and the almighty iPhone So I got an iPhone 16 Pro the other day and I wanted to compare it to my S25 Ultra. I won't compare the OS experience just the hardware.

As you may expect, performance in both is top, both are very fast and capable of doing everything you want them to. Both have the best chips currently available for phones. Their displays are very pleasant to look, they are very beautiful with details being crystal clear, their colours being vibrant and the 120hz panels are very smooth in both, there is no difference (again expected for phones of this range with both phone screens being from Samsung). 

While both phones sound great, the iPhone speakers are louder than the ultra's speakers but that couldbe due to the fact that iPhone speakers are both concentrated in next to the charging port. The ultra's speakers are the main speaker next to the charging port and one smaller speaker above the cameras. I prefer the Ultra's speakers due to sound being distributed to different exit points and the sound coming from different directions to the ear. Both support Dolby Atmos.

The camera in both phones is excellent. I have noticed the S25 Ultra pictures use more natural colours while the IPhone 16 Pro's pictures use more vivid colors. They use different colour pallets. For what i have seen, the Samsung's camera is more suitable for distance pictures, capturing better detail when photographing places far away from you. IPhone is better suited for capturing closer objects and landscapes as it offers much better photo quality and detail than Samsung in this regard. The iPhone camera pixelates a lot it's pictures if far away compared to Samsung. Both support RAW pictures. For Samsung you need to download the Expert Raw app from galaxy store while on iPhone you should enable RAW in settings. Samsung also uses AI that can enchance the pictures but the setting can be turned on/off or on with limited AI optimization. Both can capture 4K videos and the S25 Ultra can capture 8K videos but I very rarely capture videos.

The battery on iPhone 16 Pro is very impressive considering it's much smaller than the Samsung's S25 Ultra's battery and can easily last a day like the S25 Ultra. The S25 Ultra charges faster than the iPhone, in approximately 1 hour.

SIM card support is available in both but the iPhone only supports 1 SIM card while the S25 Ultra supports 2 SIM cards

The S25 Ultra features an S-Pen stylus but i don't use it at all.

AI. I don't really use AI so I can't say much. Siri is kinda useless same with Bixby (Samsung's in-house AI assistant). The circle to search feature is one of the best AI features in the S25 Ultra and i really miss it on my iPhone 16 Pro and the photo editing AI tools are very good on samsung. Haven't used the rest. Being in the EU, I don't have Apple Intelligence.

I like the action button on iPhone and I use it as a shortcut for Gemini.

That's my comparison between these beasts. I'd like to hear your thoughts and opinions about both phones.",267,2025-04-12,https://i.redd.it/89jlk5tnqfue1.jpeg
Reddit,1fhxh2c,Galaxy S25 Ultra [New render],562,2024-09-16,https://i.redd.it/tyrqo4to14pd1.jpeg
Reddit,1in8ai3,"My review of Galaxy S25 Ultra after using it for a week I pre-ordered the S25 Ultra (Jet Black, 512GB) a couple of weeks ago and received it last week.

**Design (9/10)** \- The S25 Ultra is undeniably one of the most beautiful phones I've used. It gives me iPhone 5s vibes in terms of design. The weight distribution is fantastic, making it feel light in hand. The placement of the volume keys and side button is just right.

However, there are a couple of things I didn’t like:

* The fingerprint sensor should have been on the side instead of on-screen. The on-screen fingerprint sensor isn’t as comfortable to use while holding the device.
* There’s no Face ID-like feature similar to the iPhone/iPad, which would have been a great addition.

\--

**Display (9/10)** \- When I first got the device, the display seemed quite dull, which worried me. But after switching to QHD, adjusting wallpapers, and tweaking brightness levels over time, the phone seems to have learned my preferences. Now, the display is fantastic.

The sunlight legibility is impressive, even with a screen protector applied. It’s a delight to look at.

\--

**Battery (8/10)** \- OMG! The battery life is just amazing! My previous phone lasted a day, but the S25 Ultra gives me 1.5 days with 3.8 hours of SOT, and I still had 20% battery left. This is with adaptive refresh rate + 80% brightness + QHD + Dual Sim + (Data + Wifi) always turned On.

I’m docking points because of the lack of a charger in the box and no true fast charging. Fast charging is like a 120Hz display—you don’t think you need it until you’ve used it. My old phone charged 45% in 10 min and 100% in 35 min, whereas the S25 Ultra takes 30 min to reach 70%.

\--

**Performance (9/10)** \- The device runs smoothly. However, Chrome stutters, while Samsung's browser is buttery smooth. I don’t game or multitask much, so I have no major complaints. My old phone with Snapdragon 8+ Gen 1 also performed well, so the difference isn’t drastic.

The biggest surprise? Galaxy AI. It’s truly magical. When I showed it to my colleagues, their minds were blown. iPhone's cleanup tool doesn't even come close.

\--

**Camera (10/10) -** I am not much of a camera person but the pics on this phone are fantastic for casual use. When I clicked few pics, the pics had come very nice. I love cameras where you don't need much effort (or) fiddle with settings. Btw, the 100x Zoom is a cool trick.

\--

**Pricing (7/10)** \- When you look at the price tag, you will be thinking ""Do I really need to spend this much for a new S25U?"". I would say that 2024 is the first year in over a decade where Chinese phones are giving both Apple & Samsung a big run for their money while bridging the gap as much as possible. 

In 2025, the Samsung Galaxy Ultra series is no longer about top specs or features. Think of the S25 Ultra as a $500 Gucci bag — a $100 bag might be bigger and have more pockets, but people buy Gucci for its luxury and brand appeal, not practicality.

Don't believe me? Look at what's inside the box of S25 Ultra (Vs) Old Ultras/Notes. Also look at the list of features lost each generation - 10x Zoom, S Pen Bluetooth Features etc.

I see both the Ultra and iPhone Pro series moving in the same direction. It might be a bit early to say, but in 3-4 years, they’ll likely be seen more as luxury products than just top end tech devices.

\--

**Verdict (9/10) -**

In my experience, nothing about the S25 Ultra hardware stood out as extraordinary or mind-blowing in day-to-day usage. The real differentiator is the software, with OneUI 7 and Galaxy AI. Honestly, I’ve already grown bored of the S25 Ultra.

If you're looking for a cool factor, folding devices are a better choice. If you prioritize value for money, then devices from OnePlus, Vivo & Oppo are the way to go.

However, if you want a complete package with a flagship experience and high-end performance, the best options are either the Galaxy S25 Ultra or the iPhone 16 Pro Max.

I emphasize these points because many people expect value for money from devices in the Pro or Ultra series, which are more about premium experience than affordability.",313,2025-02-12,https://www.reddit.com/r/samsung/comments/1in8ai3/my_review_of_galaxy_s25_ultra_after_using_it_for/
